{
"meta":{"test_sets":[],"test_metrics":[],"learn_metrics":[{"best_value":"Min","name":"Logloss"}],"launch_mode":"Train","parameters":"","iteration_count":50,"learn_sets":["learn"],"name":"experiment"},
"iterations":[
{"learn":[0.03444322804],"iteration":0,"passed_time":0.366597126,"remaining_time":17.96325917},
{"learn":[0.005707955306],"iteration":1,"passed_time":0.4356252239,"remaining_time":10.45500537},
{"learn":[0.003487906314],"iteration":2,"passed_time":0.502635388,"remaining_time":7.874621079},
{"learn":[0.00297083445],"iteration":3,"passed_time":0.566040337,"remaining_time":6.509463876},
{"learn":[0.002753296119],"iteration":4,"passed_time":0.6342082751,"remaining_time":5.707874476},
{"learn":[0.002682789606],"iteration":5,"passed_time":0.712971231,"remaining_time":5.228455694},
{"learn":[0.002531038596],"iteration":6,"passed_time":0.7780589659,"remaining_time":4.779505076},
{"learn":[0.002325474532],"iteration":7,"passed_time":0.8526866989,"remaining_time":4.476605169},
{"learn":[0.00226398447],"iteration":8,"passed_time":0.933730526,"remaining_time":4.253661285},
{"learn":[0.002202886231],"iteration":9,"passed_time":1.004666391,"remaining_time":4.018665562},
{"learn":[0.002174586171],"iteration":10,"passed_time":1.071144923,"remaining_time":3.797695637},
{"learn":[0.002030644505],"iteration":11,"passed_time":1.140613394,"remaining_time":3.611942414},
{"learn":[0.001989113957],"iteration":12,"passed_time":1.198153009,"remaining_time":3.410127795},
{"learn":[0.00193045204],"iteration":13,"passed_time":1.260565615,"remaining_time":3.241454439},
{"learn":[0.001901515739],"iteration":14,"passed_time":1.320038746,"remaining_time":3.080090407},
{"learn":[0.001863532262],"iteration":15,"passed_time":1.382794832,"remaining_time":2.938439018},
{"learn":[0.001849281202],"iteration":16,"passed_time":1.444105361,"remaining_time":2.803263347},
{"learn":[0.001812628036],"iteration":17,"passed_time":1.516041163,"remaining_time":2.69518429},
{"learn":[0.001794021868],"iteration":18,"passed_time":1.577659735,"remaining_time":2.57407641},
{"learn":[0.001761502096],"iteration":19,"passed_time":1.63879423,"remaining_time":2.458191345},
{"learn":[0.001742890739],"iteration":20,"passed_time":1.699169425,"remaining_time":2.346472062},
{"learn":[0.00171161577],"iteration":21,"passed_time":1.764025126,"remaining_time":2.245122887},
{"learn":[0.001688073664],"iteration":22,"passed_time":1.835019907,"remaining_time":2.154153804},
{"learn":[0.001655555256],"iteration":23,"passed_time":1.90576467,"remaining_time":2.064578392},
{"learn":[0.001621253667],"iteration":24,"passed_time":1.966985055,"remaining_time":1.966985055},
{"learn":[0.001548881064],"iteration":25,"passed_time":2.041126783,"remaining_time":1.884117031},
{"learn":[0.001526243439],"iteration":26,"passed_time":2.106858395,"remaining_time":1.794731225},
{"learn":[0.00150472755],"iteration":27,"passed_time":2.175040867,"remaining_time":1.708960681},
{"learn":[0.001477015161],"iteration":28,"passed_time":2.24367842,"remaining_time":1.624732649},
{"learn":[0.001457364742],"iteration":29,"passed_time":2.308563203,"remaining_time":1.539042135},
{"learn":[0.001434024784],"iteration":30,"passed_time":2.378398148,"remaining_time":1.457727897},
{"learn":[0.001410385786],"iteration":31,"passed_time":2.452665424,"remaining_time":1.379624301},
{"learn":[0.001395825561],"iteration":32,"passed_time":2.520517072,"remaining_time":1.298448188},
{"learn":[0.001363848291],"iteration":33,"passed_time":2.584742123,"remaining_time":1.216349234},
{"learn":[0.001336341734],"iteration":34,"passed_time":2.648853461,"remaining_time":1.135222912},
{"learn":[0.001276357554],"iteration":35,"passed_time":2.720860956,"remaining_time":1.058112594},
{"learn":[0.001244720089],"iteration":36,"passed_time":2.79599525,"remaining_time":0.9823767094},
{"learn":[0.001241735286],"iteration":37,"passed_time":2.847024922,"remaining_time":0.8990605018},
{"learn":[0.001219859648],"iteration":38,"passed_time":2.921737342,"remaining_time":0.8240797632},
{"learn":[0.001187608875],"iteration":39,"passed_time":2.984249826,"remaining_time":0.7460624564},
{"learn":[0.001172798422],"iteration":40,"passed_time":3.054146328,"remaining_time":0.6704223647},
{"learn":[0.001164174066],"iteration":41,"passed_time":3.1155681,"remaining_time":0.5934415428},
{"learn":[0.001140973139],"iteration":42,"passed_time":3.18783626,"remaining_time":0.5189500889},
{"learn":[0.001121358186],"iteration":43,"passed_time":3.261996357,"remaining_time":0.4448176851},
{"learn":[0.001106780575],"iteration":44,"passed_time":3.326715864,"remaining_time":0.3696350961},
{"learn":[0.001089113975],"iteration":45,"passed_time":3.403267169,"remaining_time":0.2959362756},
{"learn":[0.001074738281],"iteration":46,"passed_time":3.468075326,"remaining_time":0.2213665102},
{"learn":[0.001059518343],"iteration":47,"passed_time":3.537291219,"remaining_time":0.1473871341},
{"learn":[0.001052791033],"iteration":48,"passed_time":3.604970548,"remaining_time":0.07357082751},
{"learn":[0.001027996399],"iteration":49,"passed_time":3.66850731,"remaining_time":0}
]}